Event Number,Occurred/Discovered Date and Time,Product Category,Product Type,Volume Released,Latitude,Longitude
INC2008-001,2008-01-02 11:30,Liquid,Crude Oil - Sweet,8,49.73135,-101.23557
INC2008-004,2008-01-23 6:05,Liquid,Crude Oil - Sweet,100,49.73135,-101.23557
INC2008-008,2008-01-26 10:45,Gas,Natural Gas - Sweet,,58.012,-122.694333
INC2008-009,2008-01-27 12:01,Miscellaneous,Potassium Hydroxide (caustic solution),,56.14377,-120.51605
INC2008-128,2008-02-04 12:00,Gas,Natural Gas - Sweet,,49.76492,-84.91824
INC2008-016,2008-02-22 12:00,Gas,Natural Gas - Sweet,,51.385029,-113.535263
INC2008-018,2008-02-25 12:00,Gas,Natural Gas - Sweet,100,50.20739,-101.48731
INC2008-021,2008-03-01 4:45,Gas,Natural Gas - Sweet,18,49.30391,-82.04386
INC2008-020,2008-03-02 10:30,Gas,Natural Gas - Sweet,,49.7894,-92.76549
INC2008-027,2008-03-14 1:30,Gas,Natural Gas - Sweet,,50.07673,-99.99864
INC2008-034,2008-03-31 1:17,Gas,Natural Gas - Sweet,,47.44678,-79.76267
INC2008-041,2008-04-15 12:00,Gas,Natural Gas - Sour,,55.33867,-121.87115
INC2008-037,2008-04-16 2:30,Gas,Natural Gas - Sweet,,49.80823,-94.18954
INC2008-039,2008-04-21 7:00,Liquid,Crude Oil - Sweet,4,50.48057,-104.56646
INC2008-040,2008-04-24 7:00,Gas,Natural Gas - Sour,,56.27973,-120.96341
INC2008-045,2008-05-06 11:45,Liquid,Crude Oil - Sweet,9.4,51.63826,-108.3544
INC2008-048,2008-05-11 11:30,Liquid,Crude Oil - Sweet,7,50.48386,-104.61447
INC2008-056,2008-06-05 7:20,Liquid,Crude Oil - Sweet,8,53.5431,-113.35401
INC2008-057,2008-06-06 11:23,Gas,Natural Gas - Sweet,270,43.87378,-79.57985
INC2008-060,2008-06-12 12:00,Gas,Natural Gas - Sweet,,49.91204,-98.51757
INC2008-067,2008-07-06 12:00,Liquid,Crude Oil - Synthetic,40,53.54745,-113.35577
INC2008-072,2008-07-09 12:00,Gas,Natural Gas - Sweet,800,49.31834,-102.28983
INC2008-079,2008-07-12 12:00,Gas,Propane,0.5,50.539202,-107.30766
INC2008-070,2008-07-16 12:00,Gas,Natural Gas - Sweet,,50.20731,-101.48747
INC2008-075,2008-07-23 8:30,Liquid,Diesel Fuel,2,53.5416,-113.36454
INC2008-078,2008-07-29 11:00,Gas,Natural Gas - Sweet,,49.79469,-85.85655
INC2008-086,2008-08-28 11:30,Gas,Natural Gas - Sweet,,49.85542,-93.36393
INC2008-087,2008-09-05 12:00,Gas,Butane,0.1,56.14631,-120.6692
INC2008-095,2008-09-25 3:35,Gas,Natural Gas - Sweet,,49.68098,-95.37458
INC2008-098,2008-10-16 2:30,Gas,Natural Gas - Sweet,,49.91211,-98.51757
INC2008-103,2008-11-03 2:00,Gas,Natural Gas - Sweet,,49.65789,-96.16268
INC2008-109,2008-11-17 2:00,Gas,Mixed HVP Hydrocarbons,0.005,56.14652,-120.66937
INC2008-110,2008-11-20 12:00,Liquid,Condensate,10,59.20196,-121.5963
INC2008-111,2008-11-26 3:00,Miscellaneous,Amine,10,55.56932,-121.94466
INC2008-114,2008-11-28 4:33,Gas,Natural Gas - Sweet,,49.68017,-96.64917
INC2008-113,2008-11-30 8:45,Miscellaneous,Glycol,2,55.5692,-121.94446
INC2008-119,2008-12-05 4:50,Gas,Natural Gas - Sweet,,55.032,-123.03098
INC2008-120,2008-12-08 12:00,Gas,Natural Gas - Sweet,,49.75544,-97.2305
INC2009-002,2009-01-14 9:00,Gas,Natural Gas - Sweet,,43.11405,-79.46307
INC2009-010,2009-02-06 7:07,Gas,Fuel Gas,,43.11368,-79.46307
INC2009-015,2009-02-20 9:00,Gas,Natural Gas - Sour,0.0001,56.72686,-121.81832
INC2009-019,2009-03-04 4:20,Liquid,Lube Oil,2.5,49.91175,-98.51757
INC2009-021,2009-03-09 10:43,Gas,Natural Gas - Sweet,,48.87172,-80.89396
INC2009-026,2009-03-23 4:30,Gas,Natural Gas - Sour,,57.31724,-120.82153
INC2009-031,2009-04-07 2:00,Gas,Natural Gas - Sour,,54.97941,-121.06074
INC2009-032,2009-04-08 9:30,Gas,Natural Gas - Sweet,,49.58574,-83.16712
INC2009-036,2009-04-09 5:00,Gas,Natural Gas - Sour,,56.14652,-120.66917
INC2009-035,2009-04-19 10:15,Miscellaneous,Sulphur,0.004,58.65325,-122.68501
INC2009-034,2009-04-20 3:40,Gas,Natural Gas - Sweet,,43.35064,-80.1193
INC2009-037,2009-05-01 8:45,Gas,Natural Gas - Sweet,,49.03329,-90.51006
INC2009-039,2009-05-06 1:35,Gas,Natural Gas - Sweet,,53.63705,-112.01828
INC2009-040,2009-05-06 10:00,Liquid,Crude Oil - Sweet,305,49.26849,-122.93134
INC2009-042,2009-05-07 9:15,Gas,Natural Gas - Sweet,,45.31394,-73.48289
INC2009-041,2009-05-11 8:15,Gas,Natural Gas - Sweet,,54.93272,-117.25214
INC2009-045,2009-05-22 5:00,Gas,Propane,6.36,51.55484,-107.996
INC2009-048,2009-05-25 4:30,Gas,Natural Gas - Sweet,,55.67738,-112.18288
INC2009-049,2009-06-02 12:00,Gas,Natural Gas - Sweet,,53.63705,-112.01829
INC2009-053,2009-06-19 9:15,Gas,Natural Gas - Sweet,,51.2719,-106.75421
INC2009-056,2009-06-27 8:30,Gas,Natural Gas - Sour,,56.4929924,-121.335434
INC2009-054,2009-06-28 12:35,Gas,Natural Gas - Sweet,,49.68123,-95.37458
INC2009-055,2009-06-29 9:00,Liquid,Crude Oil - Sweet,1.8,44.06958,-77.92945
INC2009-058,2009-07-04 9:04,Gas,Natural Gas - Sweet,17000,51.728528,-111.6805
INC2009-067,2009-07-11 2:00,Gas,Natural Gas - Sweet,,45.26269,-65.98211
INC2009-060,2009-07-13 12:00,Gas,Natural Gas - Sour,4,58.93456,-121.3121
INC2009-063,2009-07-14 12:00,Gas,Natural Gas - Sweet,,54.09552,-112.31043
INC2009-066,2009-07-20 11:02,Gas,Natural Gas - Sweet,1450000,58.208389,-118.501722
INC2009-068,2009-07-20 12:00,Gas,Natural Gas - Sweet,,49.62622,-114.51601
INC2009-075,2009-07-30 4:45,Gas,Natural Gas - Sweet,40,55.12549,-117.83828
INC2009-076,2009-08-01 3:52,Gas,Natural Gas - Sweet,2.9,53.58571,-116.43392
INC2009-084,2009-08-24 2:00,Gas,Natural Gas - Sweet,,52.12922,-121.94289
INC2009-086,2009-08-31 4:00,Gas,Natural Gas - Sweet,0.5,51.66911,-111.89811
INC2009-088,2009-09-01 8:00,Gas,Natural Gas - Sweet,566.3,50.65584,-109.90599
INC2009-087,2009-09-01 10:00,Gas,Natural Gas - Sweet,10,59.05953,-119.89276
INC2009-089,2009-09-02 12:00,Gas,Fuel Gas,12,50.74862,-120.8587
INC2009-090,2009-09-04 1:30,Gas,Fuel Gas,100,54.8308,-118.64572
INC2009-095,2009-09-12 1:00,Gas,Natural Gas - Sweet,3420000,47.912847,-79.987089
INC2009-096,2009-09-12 5:26,Gas,Natural Gas - Sweet,,49.71929,-96.98281
INC2009-102,2009-09-17 8:23,Gas,Natural Gas - Sweet,,56.36855,-119.92869
INC2009-103,2009-09-18 11:00,Gas,Natural Gas - Sweet,0.1,49.68123,-95.37477
INC2009-104,2009-09-19 11:59,Gas,Natural Gas - Sweet,63000,53.96117,-116.46306
INC2009-106,2009-09-22 2:08,Gas,Natural Gas - Sour,68,56.14625,-120.66917
INC2009-105,2009-09-22 9:57,Liquid,Crude Oil - Sweet,4.75,49.544443,-99.320678
INC2009-109,2009-09-26 11:04,Gas,Natural Gas - Sweet,1430000,46.89733,-79.80783
INC2009-111,2009-09-29 6:25,Liquid,Crude Oil - Synthetic,175,50.29138341,-103.8103553
INC2009-112,2009-09-30 10:50,Gas,Natural Gas - Sweet,,43.59893,-79.776
INC2009-113,2009-10-05 12:00,Liquid,Gasoline,3,45.16297,-75.37183
INC2009-115,2009-10-15 7:25,Gas,Natural Gas - Sour,,54.89349,-120.66962
INC2010-018,2009-10-15 9:30,Gas,Natural Gas - Sour,,55.04188,-121.01874
INC2009-118,2009-10-19 10:00,Gas,Natural Gas - Sweet,,51.66922,-111.89792
INC2009-120,2009-10-23 6:17,Gas,Natural Gas - Sweet,,54.0438,-117.42069
INC2009-121,2009-10-28 10:40,Gas,Natural Gas - Sweet,100,49.03334,-90.51047
INC2009-123,2009-10-31 11:30,Gas,Natural Gas - Sweet,,45.30706,-66.04267
INC2009-126,2009-11-04 5:00,Gas,Natural Gas - Sweet,,56.03467,-117.96587
INC2009-128,2009-11-16 8:00,Gas,Natural Gas - Sweet,,46.02461,-64.22321
INC2009-129,2009-11-22 12:00,Gas,Natural Gas - Sweet,0.1,45.26269,-65.98211
INC2009-136,2009-12-06 12:00,Gas,Natural Gas - Sweet,,49.238462,-115.855313
INC2009-134,2009-12-08 1:24,Liquid,Condensate,3,53.271222,-109.943083
INC2009-137,2009-12-11 1:30,Gas,Natural Gas - Sweet,69,45.37081,-74.12582
INC2009-145,2009-12-12 6:00,Gas,Natural Gas - Sour,,54.54693,-114.79252
INC2009-143,2009-12-16 10:00,Miscellaneous,Sulphur Dioxide,,55.56908,-121.94467
INC2010-001,2010-01-04 7:28,Gas,Natural Gas - Sweet,125000,56.367553,-119.931713
INC2010-003,2010-01-08 12:00,Miscellaneous,Contaminated Water,33,56.14638,-120.66917
INC2010-012,2010-01-30 11:00,Gas,Natural Gas - Sweet,,55.88802,-112.12314
INC2010-016,2010-02-06 1:00,Gas,Natural Gas - Sweet,,54.83034,-118.64722
INC2010-021,2010-02-10 5:00,Gas,Natural Gas - Sweet,,54.95425,-119.19227
INC2010-019,2010-02-10 6:00,Gas,Natural Gas - Sweet,300,45.18676,-66.54595
INC2010-022,2010-02-16 8:00,Gas,Mixed HVP Hydrocarbons,0.25,56.14669,-120.66454
INC2010-025,2010-02-20 9:00,Gas,Natural Gas - Sweet,51.4,44.68365,-75.62111
INC2010-028,2010-02-25 11:00,Liquid,Crude Oil - Sweet,150,53.54457,-113.35511
INC2010-029,2010-02-26 3:00,Liquid,Gasoline,30,45.624393,-73.639169
INC2010-032,2010-02-28 10:29,Gas,Natural Gas - Sweet,,54.34669,-116.87305
INC2010-033,2010-03-10 11:00,Gas,Natural Gas - Sweet,,52.75419,-114.11969
INC2010-034,2010-03-16 11:30,Liquid,Gasoline,90,43.406148,-79.735605
INC2010-045,2010-04-01 7:00,Gas,Natural Gas - Sweet,100,43.18849,-79.8485
INC2010-042,2010-04-10 8:00,Gas,Natural Gas - Sweet,,50.48051,-105.86728
INC2010-044,2010-04-20 4:50,Gas,Mixed HVP Hydrocarbons,,55.56882,-121.94466
INC2010-052,2010-05-03 12:00,Gas,Propane,,50.04165,-99.66005
INC2010-047,2010-05-04 1:40,Gas,Natural Gas - Sweet,,48.64904,-80.69866
INC2010-051,2010-05-22 2:00,Gas,Natural Gas - Sweet,1,57.19361,-118.20534
INC2010-053,2010-05-24 6:00,Gas,Natural Gas - Sweet,,50.69805,-111.53063
INC2010-054,2010-05-27 2:00,Gas,Natural Gas - Sweet,,50.57578,-108.36036
INC2010-055,2010-06-02 8:00,Gas,Natural Gas - Sweet,0.1,54.093481,-116.62138
INC2010-057,2010-06-10 10:00,Gas,Mixed HVP Hydrocarbons,,50.65773,-109.53719
INC2010-058,2010-06-16 9:00,Gas,Natural Gas - Sweet,,54.83027,-118.64709
INC2010-059,2010-06-18 10:00,Gas,Natural Gas - Sweet,,45.30724,-66.04254
INC2010-061,2010-06-22 12:00,Liquid,Crude Oil - Sour,25,52.13984,-109.80493
INC2010-060,2010-06-22 12:27,Gas,Natural Gas - Sweet,100,50.28617,-102.95153
INC2010-062,2010-06-24 7:30,Gas,Natural Gas - Sweet,,54.1326,-115.2362
INC2010-066,2010-07-06 2:20,Gas,Natural Gas - Sweet,0.5,53.16727,-112.15003
INC2010-074,2010-07-10 10:00,Gas,Natural Gas - Sweet,3300,48.94621,-80.99467
INC2010-073,2010-07-14 2:20,Liquid,Jet Fuel,,45.625209,-73.543389
INC2010-079,2010-07-24 9:30,Gas,Natural Gas - Sweet,100,43.87391,-79.57983
INC2010-084,2010-07-31 10:30,Gas,Natural Gas - Sweet,,45.26269,-65.98211
INC2010-089,2010-08-16 11:41,Gas,Natural Gas - Sweet,,54.83026,-118.64722
INC2010-090,2010-08-17 12:00,Gas,Natural Gas - Sweet,,51.32247,-113.38195
INC2010-091,2010-08-23 9:15,Liquid,Gasoline,25.1,45.140221,-74.562991
INC2010-092,2010-08-24 2:27,Gas,Natural Gas - Sweet,,44.00638,-78.19719
INC2010-097,2010-09-02 3:00,Gas,Natural Gas - Sweet,,54.31015,-115.68078
INC2010-096,2010-09-06 12:20,Gas,Natural Gas - Sweet,3,51.50897,-113.86985
INC2010-098,2010-09-10 12:00,Gas,Natural Gas - Sweet,,57.18167,-118.19522
INC2010-101,2010-09-19 11:30,Gas,Natural Gas - Sweet,,49.42185,-101.87015
INC2010-103,2010-09-22 11:15,Gas,Natural Gas - Sweet,14.2,45.129046,-66.831379
INC2010-104,2010-09-22 12:00,Gas,Natural Gas - Sweet,,50.04984,-112.53824
INC2010-105,2010-09-28 3:20,Gas,Natural Gas - Sweet,,55.77705,-119.36823
INC2010-107,2010-09-30 1:00,Gas,Natural Gas - Sweet,,49.98,-109.12
INC2010-110,2010-09-30 4:00,Gas,Natural Gas - Sweet,,46.37985,-79.46885
INC2010-106,2010-09-30 7:00,Gas,Natural Gas - Sweet,,49.73149,-87.06539
INC2010-111,2010-10-04 10:00,Gas,Natural Gas - Sweet,,54.0923,-116.62298
INC2010-112,2010-10-06 12:00,Gas,Fuel Gas,,50.53819444,-107.3048333
INC2010-114,2010-10-15 11:00,Liquid,Crude Oil - Sweet,17.5,42.83421028,-80.0417111
INC2010-116,2010-10-21 12:15,Gas,Natural Gas - Sweet,,46.43231389,-79.4676583
INC2010-119,2010-10-28 9:00,Gas,Natural Gas - Sweet,11000,50.67645278,-109.9787222
INC2010-121,2010-10-30 4:00,Gas,Natural Gas - Sweet,,54.83012222,-118.6471944
INC2010-122,2010-11-01 12:00,Gas,Natural Gas - Sweet,,50.33116111,-103.6093333
INC2010-128,2010-11-09 12:00,Gas,Natural Gas - Sweet,1,54.67993889,-118.9943333
INC2010-129,2010-11-18 12:00,Gas,Natural Gas - Sweet,,43.11360833,-79.463075
INC2010-130,2010-11-19 3:30,Gas,Natural Gas - Sweet,,49.68026111,-87.5951138
INC2010-131,2010-11-20 9:20,Gas,Natural Gas - Sweet,2.8,45.27811111,-66.0088056
INC2010-137,2010-11-20 10:14,Gas,Natural Gas - Sweet,,50.33177,-103.60955
INC2010-135,2010-11-22 11:00,Gas,Natural Gas - Sour,,54.86820278,-120.6479722
INC2010-141,2010-11-26 5:44,Gas,Natural Gas - Sweet,,49.98,-109.12
INC2010-143,2010-11-29 9:15,Gas,Natural Gas - Sweet,,49.55266,-108.3695
INC2010-145,2010-11-30 7:30,Gas,Natural Gas - Sweet,,51.93893056,-112.0749444
INC2010-147,2010-12-01 8:30,Gas,Natural Gas - Sweet,0.5,45.886624,-66.551134
INC2010-148,2010-12-03 11:00,Gas,Natural Gas - Sweet,,50.605125,-108.7085556
INC2010-150,2010-12-06 4:00,Gas,Natural Gas - Sweet,,45.71830278,-79.4368138
INC2010-153,2010-12-08 5:00,Gas,Natural Gas - Sweet,2.8,50.39316667,-104.4093611
INC2010-156,2010-12-12 1:30,Miscellaneous,Contaminated Water,,56.14630278,-120.6691694
INC2010-155,2010-12-13 10:30,Gas,Natural Gas - Sweet,,49.70361,-87.41084
INC2010-157,2010-12-15 4:00,Gas,Natural Gas - Sweet,1,44.663897,-63.568182
INC2010-159,2010-12-16 4:30,Gas,Natural Gas - Sweet,,54.50731,-116.44281
INC2010-164,2010-12-21 4:00,Gas,Natural Gas - Sweet,,54.65256,-114.52778
INC2011-004,2011-01-12 2:00,Gas,Natural Gas - Sweet,192,46.84822454,-79.8090245
INC2011-008,2011-01-18 8:30,Gas,Natural Gas - Sweet,1000,43.96,-78.81941
INC2011-007,2011-01-20 12:00,Gas,Propane,4.2,56.14641,-120.66907
INC2011-017,2011-01-28 9:00,Gas,Natural Gas - Sweet,,45.88657778,-66.5511694
INC2011-011,2011-01-31 9:00,Gas,Natural Gas - Sweet,,55.57555,-113.87749
INC2011-013,2011-02-01 5:00,Gas,Propane,37,56.14642,-120.66907
INC2011-018,2011-02-01 5:30,Gas,Natural Gas - Sweet,,46.11307222,-64.7157694
INC2011-016,2011-02-01 8:00,Gas,Natural Gas - Sweet,2,49.017155,-107.831853
INC2011-026,2011-02-11 6:00,Gas,Natural Gas - Sweet,,46.37977,-79.46897
INC2011-027,2011-02-18 1:25,Gas,Natural Gas - Sweet,,45.887,-66.551169
INC2011-029,2011-02-19 11:30,Gas,Natural Gas - Sweet,2790000,49.58894444,-87.9718889
INC2011-030,2011-02-20 1:00,Gas,Natural Gas - Sweet,,58.44721,-119.22429
INC2011-032,2011-02-23 12:00,Gas,Natural Gas - Sweet,3,45.3,-62.983333
INC2011-036,2011-02-27 11:28,Gas,Natural Gas - Sweet,,52.36527,-113.08174
INC2011-038,2011-03-05 3:00,Liquid,Waste Oil,11,50.66255,-120.41416
INC2011-042,2011-03-13 12:00,Gas,Natural Gas - Sweet,,51.18869,-112.93903
INC2011-044,2011-03-16 3:00,Gas,Natural Gas - Sweet,,49.48823,-91.98782
INC2011-045,2011-03-18 4:45,Gas,Natural Gas - Sweet,,49.48823,-91.98782
INC2011-046,2011-03-21 10:00,Gas,Natural Gas - Sweet,,58.85595,-121.78287
INC2011-048,2011-03-24 9:58,Gas,Natural Gas - Sweet,170,49.9746,-103.6528
INC2011-053,2011-03-31 9:00,Gas,Natural Gas - Sweet,1000,49.29513,-88.10109
INC2011-055,2011-04-01 7:15,Gas,Natural Gas - Sweet,,48.87166,-80.893589
INC2011-056,2011-04-03 6:20,Gas,Natural Gas - Sweet,,45.3,-62.98333
INC2011-058,2011-04-05 8:00,Gas,Natural Gas - Sweet,,45.3,-62.98333
INC2011-059,2011-04-06 7:00,Gas,Natural Gas Liquids,,52.635343,-111.267485
INC2011-061,2011-04-13 2:15,Gas,Natural Gas - Sweet,,49.10559503,-81.273875
INC2011-063,2011-04-14 10:00,Gas,Natural Gas - Sweet,,49.72702,-92.58215
INC2011-067,2011-04-21 3:00,Gas,Natural Gas - Sweet,,50.67651,-109.97872
INC2011-064,2011-04-21 7:25,Gas,Natural Gas - Sweet,,59.06394,-118.84693
INC2011-065,2011-04-22 3:00,Liquid,Crude Oil - Sweet,1.6,53.60352778,-115.4963889
INC2011-066,2011-04-26 3:45,Gas,Natural Gas - Sour,1300,55.28501,-121.65768
INC2011-071,2011-05-03 2:10,Gas,Natural Gas - Sweet,50,49.61136,-87.96157
INC2011-073,2011-05-06 3:00,Gas,Natural Gas - Sweet,10,53.60098,-116.46762
INC2011-074,2011-05-09 12:00,Liquid,Crude Oil - Sweet,259,62.70880556,-123.079889
INC2011-085,2011-05-11 12:00,Gas,Natural Gas - Sweet,2,49.30721,-114.015
INC2011-075,2011-05-12 4:15,Liquid,Crude Oil - Sweet,4,45.72466,-73.69588
INC2011-106,2011-05-19 9:20,Gas,Natural Gas - Sweet,,50.67653,-109.97885
INC2011-087,2011-06-04 5:00,Gas,Natural Gas - Sweet,,49.58317,-97.0036
INC2011-089,2011-06-06 6:40,Gas,Natural Gas - Sweet,,45.30744,-66.04273
INC2011-092,2011-06-08 9:49,Gas,Natural Gas - Sour,3.6,56.14635,-120.66936
INC2011-099,2011-06-15 12:00,Gas,Natural Gas - Sweet,,45.27811111,-66.0088056
INC2011-094,2011-06-16 8:55,Gas,Natural Gas - Sweet,0.0001,56.254,-120.716
INC2011-101,2011-06-22 12:00,Gas,Natural Gas - Sweet,,45.881317,-66.551169
INC2011-100,2011-06-22 12:00,Gas,Natural Gas - Sweet,,45.806186,-66.593942
INC2011-102,2011-06-23 12:00,Gas,Natural Gas - Sweet,,47.590212,-64.959858
INC2011-104,2011-06-30 10:00,Gas,Natural Gas - Sweet,,52.24822,-113.61774
INC2011-109,2011-07-19 1:00,Gas,Natural Gas - Sweet,113,45.37514774,-62.452671
INC2011-115,2011-08-02 10:00,Gas,Natural Gas - Sweet,,45.45872,-67.02456
INC2011-114,2011-08-04 9:30,Gas,Natural Gas - Sweet,934,44.648901,-63.575335
INC2011-127,2011-08-15 12:00,Gas,Natural Gas - Sweet,,54.46884,-113.21624
INC2011-135,2011-08-31 7:25,Gas,Natural Gas - Sweet,,54.83012,-118.64715
INC2011-138,2011-09-01 1:45,Gas,Natural Gas - Sweet,,55.84448,-113.89141
INC2011-141,2011-09-08 12:00,Gas,Natural Gas - Sweet,,45.195347,-66.401993
INC2011-143,2011-09-09 3:30,Gas,Natural Gas - Sweet,,45.963713,-66.52814
INC2011-142,2011-09-09 3:30,Gas,Natural Gas - Sweet,,46.022695,-66.189817
INC2011-152,2011-09-20 9:00,Gas,Natural Gas - Sweet,,50.28587,-102.95155
INC2011-153,2011-09-26 12:00,Gas,Natural Gas - Sweet,,45.129009,-66.83136
INC2011-154,2011-09-27 11:25,Gas,Natural Gas - Sweet,,54.83025,-118.64722
INC2011-155,2011-10-01 6:40,Gas,Natural Gas - Sweet,,43.87391,-79.58006
INC2011-158,2011-10-12 12:30,Gas,Propane,0.0005,64.65833,-124.83612
INC2011-162,2011-10-19 2:09,Gas,Mixed HVP Hydrocarbons,,63.87793,-123.98697
INC2011-163,2011-10-19 4:15,Gas,Propane,0.001,63.261177,-123.402616
INC2011-166,2011-10-25 8:00,Gas,Natural Gas - Sweet,,50.90519,-112.10804
INC2011-172,2011-11-19 12:00,Gas,Natural Gas - Sweet,,55.72877,-117.08296
INC2011-171,2011-11-19 12:00,Gas,Natural Gas - Sweet,50,54.14314,-115.36091
INC2011-173,2011-11-21 12:00,Gas,Natural Gas - Sweet,4,49.74457,-84.06787
INC2011-178,2011-12-01 10:00,Gas,Natural Gas - Sweet,,45.375736,-79.239306
INC2011-179,2011-12-06 4:00,Gas,Natural Gas - Sweet,,52.54673,-111.03052
INC2011-180,2011-12-07 8:30,Liquid,Crude Oil - Sweet,7,49.54445,-99.3207
INC2011-183,2011-12-13 4:00,Liquid,Crude Oil - Sweet,2,49.28813,-102.63736
INC2011-185,2011-12-20 8:30,Gas,Natural Gas - Sweet,,49.26712,-91.23269
INC2011-186,2011-12-27 7:50,Gas,Natural Gas - Sweet,236,45.251566,-66.097871
INC2012-002,2012-01-03 12:10,Gas,Natural Gas - Sweet,,49.3881,-82.43604
INC2012-003,2012-01-04 12:30,Gas,Natural Gas - Sweet,6,43.37273,-79.83172
INC2012-006,2012-01-10 2:55,Gas,Natural Gas - Sweet,,44.04676,-78.00709
INC2012-007,2012-01-15 7:30,Gas,Natural Gas - Sour,,55.70181,-121.63465
INC2012-010,2012-01-16 4:55,Gas,Natural Gas - Sweet,,57.19155,-118.19433
INC2012-017,2012-01-20 11:00,Gas,Propane,0.001,59.20208,-121.62187
INC2012-016,2012-01-24 8:00,Liquid,Crude Oil - Sweet,90,49.07801,-122.20215
INC2012-019,2012-01-26 12:50,Gas,Natural Gas - Sweet,,45.274038,-66.0275
INC2012-022,2012-01-28 4:00,Gas,Mixed HVP Hydrocarbons,,56.18776,-110.86149
INC2012-021,2012-02-02 11:00,Gas,Natural Gas - Sweet,,49.78627,-108.72239
INC2012-032,2012-02-09 2:00,Gas,Natural Gas - Sweet,,47.44682,-79.76273
INC2012-028,2012-02-12 12:00,Gas,Natural Gas - Sweet,,49.82797,-93.63666
INC2012-027,2012-02-12 12:00,Gas,Natural Gas - Sweet,,49.82818,-93.63726
INC2012-029,2012-02-15 1:40,Gas,Natural Gas - Sweet,,45.895524,-66.542645
INC2012-040,2012-02-27 7:00,Gas,Fuel Gas,1400,50.07461,-100.00038
INC2012-038,2012-02-28 11:00,Gas,Natural Gas - Sweet,65,54.64742,-112.80015
INC2012-041,2012-03-01 3:00,Gas,Natural Gas - Sweet,,55.7578,-118.30145
INC2012-045,2012-03-13 3:25,Gas,Natural Gas - Sweet,,45.274038,-66.0275
INC2012-049,2012-03-29 3:00,Gas,Natural Gas - Sweet,,44.88671,-75.29431
INC2012-048,2012-03-29 11:30,Gas,Natural Gas - Sweet,,55.81522,-119.36594
INC2012-051,2012-04-13 11:00,Gas,Natural Gas - Sweet,,45.27614,-66.02945
INC2012-061,2012-05-02 12:00,Gas,Natural Gas - Sweet,,55.16008,-117.8411
INC2012-056,2012-05-03 2:10,Gas,Natural Gas - Sweet,,45.23904,-66.1031
INC2012-059,2012-05-08 12:20,Gas,Natural Gas - Sweet,,54.830521,-118.647866
INC2012-060,2012-05-09 11:00,Gas,Natural Gas - Sweet,,45.258307,-66.093651
INC2012-063,2012-05-13 11:30,Gas,Natural Gas - Sweet,200,48.41782,-80.33662
INC2012-064,2012-05-14 2:00,Gas,Natural Gas - Sweet,,50.08985,-110.72397
INC2012-065,2012-05-16 9:15,Gas,Natural Gas - Sweet,,49.58892,-83.16656
INC2012-068,2012-05-29 4:30,Gas,Natural Gas - Sweet,,57.36666,-119.75241
INC2012-074,2012-06-06 12:00,Gas,Natural Gas - Sweet,,45.98763,-64.14375
INC2012-073,2012-06-13 12:00,Gas,Natural Gas - Sweet,,49.29567,-88.10151
INC2012-075,2012-06-15 12:00,Gas,Natural Gas - Sweet,,45.98763,-64.14375
INC2012-078,2012-06-23 12:00,Gas,Natural Gas - Sweet,,56.4714,-122.11376
INC2012-079,2012-06-27 11:10,Liquid,Condensate,,45.17195,-61.61551
INC2012-081,2012-06-28 10:57,Gas,Natural Gas - Sweet,955000,57.06925,-121.63939
INC2012-082,2012-06-29 1:45,Gas,Natural Gas - Sour,,56.27789,-120.97802
INC2012-089,2012-06-29 8:00,Miscellaneous,Sulphur Dioxide,,56.14632,-120.66908
INC2012-086,2012-07-10 11:50,Gas,Natural Gas - Sweet,5,54.83015,-118.64728
INC2012-092,2012-07-16 2:15,Miscellaneous,Pulp slurry,10,47.35983,-68.32515
INC2012-091,2012-07-18 5:25,Gas,Natural Gas - Sweet,,50.28593,-102.95152
INC2012-098,2012-07-31 2:00,Gas,Natural Gas - Sweet,100,43.00477,-79.05065
INC2012-099,2012-08-03 10:00,Gas,Natural Gas - Sweet,,45.27916,-66.09058
INC2012-100,2012-08-07 9:00,Gas,Natural Gas - Sweet,,45.88692,-66.5514
INC2012-107,2012-08-20 2:00,Gas,Natural Gas - Sweet,,45.23904,-66.1032
INC2012-109,2012-08-21 7:48,Gas,Natural Gas - Sweet,,49.69204,-87.24486
INC2012-111,2012-08-22 2:31,Gas,Natural Gas - Sweet,34.9,51.40776,-113.65548
INC2012-113,2012-08-22 3:00,Gas,Mixed HVP Hydrocarbons,,58.65325,-122.68505
INC2012-114,2012-08-24 7:00,Gas,Natural Gas - Sweet,,49.48139,-91.95966
INC2012-115,2012-08-26 7:00,Gas,Natural Gas - Sweet,,55.09204,-119.85311
INC2012-116,2012-08-28 2:00,Gas,Natural Gas - Sweet,,46.087816,-64.778231
INC2012-120,2012-09-09 5:40,Miscellaneous,Hydrogen Sulphide,,55.56913,-121.94465
INC2012-121,2012-09-10 2:00,Gas,Natural Gas - Sweet,,45.19227,-66.40471
INC2012-123,2012-09-17 5:00,Gas,Natural Gas - Sweet,,45.239404,-66.102907
INC2012-124,2012-09-17 11:00,Gas,Natural Gas - Sweet,,49.98,-109.12
INC2012-125,2012-09-18 11:25,Gas,Natural Gas - Sweet,0.001,42.95262,-82.37435
INC2012-127,2012-09-21 2:20,Gas,Natural Gas - Sweet,,45.461,-66.99757
INC2012-131,2012-09-26 1:00,Gas,Natural Gas - Sweet,10,50.0747,-100.00049
INC2012-133,2012-09-28 12:20,Gas,Natural Gas - Sweet,5.7,45.806186,-66.593942
INC2012-138,2012-10-02 2:00,Gas,Natural Gas - Sweet,,50.024295,-99.454233
INC2012-137,2012-10-02 10:00,Gas,Natural Gas - Sweet,,50.07455,-100.00074
INC2012-141,2012-10-04 1:02,Gas,Natural Gas - Sweet,,50.48045,-104.57805
INC2012-140,2012-10-04 10:25,Gas,Natural Gas - Sweet,,50.74405,-112.06708
INC2012-144,2012-10-09 9:30,Gas,Natural Gas - Sweet,,49.72752728,-95.125515
INC2012-150,2012-10-25 8:35,Gas,Natural Gas - Sweet,,49.38796,-82.43616
INC2012-151,2012-10-29 12:00,Gas,Natural Gas - Sweet,,55.04178,-114.46266
INC2012-149,2012-10-29 12:00,Liquid,Crude Oil - Sour,7.44,42.95261,-82.37433
INC2012-152,2012-10-31 2:10,Gas,Natural Gas - Sweet,,49.238462,-115.855313
INC2012-153,2012-11-01 12:15,Gas,Natural Gas - Sweet,,54.26029388,-115.2028366
INC2012-154,2012-11-08 8:30,Gas,Natural Gas - Sweet,,45.806186,-66.593942
INC2012-156,2012-11-14 4:30,Gas,Natural Gas - Sweet,,46.050194,-65.259182
INC2012-157,2012-11-15 7:30,Gas,Natural Gas - Sweet,,54.043732,-117.421244
INC2012-159,2012-11-17 9:00,Gas,Natural Gas - Sour,,55.15019444,-121.4512055
INC2012-158,2012-11-17 12:35,Gas,Natural Gas - Sweet,,49.98008,-109.12
INC2012-162,2012-11-21 10:10,Gas,Natural Gas - Sweet,,45.27297,-73.893093
INC2012-164,2012-11-24 4:35,Gas,Natural Gas Liquids,,50.48053,-104.57829
INC2012-166,2012-11-26 10:00,Gas,Natural Gas - Sweet,,45.17667,-61.6226
INC2012-168,2012-12-07 10:30,Gas,Natural Gas - Sweet,,45.239523,-66.102866
INC2012-173,2012-12-23 2:00,Gas,Natural Gas - Sweet,,50.60505,-108.70856
INC2013-004,2013-01-08 4:55,Gas,Natural Gas - Sweet,679,45.17741,-61.6223
INC2013-005,2013-01-14 2:35,Gas,Natural Gas - Sweet,,49.789417,-92.765515
INC2013-007,2013-01-21 6:00,Liquid,Condensate,9.1,56.1442,-120.67138
INC2013-011,2013-01-25 7:00,Gas,Natural Gas - Sweet,1,44.68344,-75.62107
INC2013-010,2013-01-25 8:30,Gas,Natural Gas - Sweet,,57.11437,-117.45693
INC2013-012,2013-01-26 1:45,Gas,Natural Gas - Sweet,,53.96046,-116.46003
INC2013-016,2013-02-01 12:30,Gas,Natural Gas - Sweet,1000,44.375026,-65.031085
INC2013-018,2013-02-02 10:30,Liquid,Crude Oil - Sweet,7.7,50.18688,-103.17213
INC2013-024,2013-02-10 9:00,Gas,Natural Gas - Sweet,,57.02618,-111.69054
INC2013-028,2013-02-14 12:00,Gas,Natural Gas - Sweet,,55.22444444,-114.8005555
INC2013-031,2013-02-18 12:00,Gas,Natural Gas - Sweet,,49.681165,-95.374581
INC2013-030,2013-02-19 12:00,Gas,Natural Gas - Sweet,,50.060735,-110.729591
INC2013-038,2013-03-04 4:30,Gas,Natural Gas - Sweet,,49.801251,-86.760603
INC2013-041,2013-03-07 4:30,Gas,Natural Gas - Sweet,0.0001,49.681165,-95.374581
INC2013-039,2013-03-08 8:15,Miscellaneous,Sulphur Dioxide,1,55.569092,-121.944662
INC2013-043,2013-03-13 8:00,Liquid,Condensate,2,59.20186,-121.596498
INC2013-052,2013-03-26 12:30,Gas,Natural Gas - Sweet,0.01,58.653246,-122.684823
INC2013-053,2013-03-30 9:00,Gas,Natural Gas - Sweet,,53.66111,-116.59955
INC2013-056,2013-04-04 6:30,Gas,Mixed HVP Hydrocarbons,30,42.281736,-83.07803
INC2013-063,2013-04-15 11:05,Gas,Natural Gas - Sweet,0.028,45.218884,-65.984989
INC2013-064,2013-04-18 2:45,Liquid,Crude Oil - Sweet,4,51.865344,-109.026045
INC2013-066,2013-04-25 10:40,Gas,Natural Gas - Sweet,736,44.68563,-63.59679
INC2013-073,2013-05-06 11:00,Gas,Natural Gas - Sweet,,45.254932,-65.988823
INC2013-075,2013-05-11 1:00,Gas,Natural Gas - Sweet,,56.035238,-117.966456
INC2013-078,2013-05-15 9:00,Gas,Natural Gas - Sweet,,45.897931,-64.368366
INC2013-080,2013-05-15 10:00,Gas,Natural Gas - Sweet,,46.087971,-64.77714
INC2013-079,2013-05-15 10:00,Gas,Natural Gas - Sweet,,46.087971,-64.77714
INC2013-077,2013-05-15 10:30,Gas,Natural Gas - Sweet,,45.254932,-65.988823
INC2013-088,2013-06-10 11:00,Gas,Natural Gas - Sweet,0.3,45.279238,-66.006686
INC2013-089,2013-06-10 12:15,Gas,Natural Gas - Sweet,,45.271448,-67.03329
INC2013-091,2013-06-11 10:00,Gas,Natural Gas - Sweet,,50.457417,-110.196855
INC2013-095,2013-06-14 12:00,Gas,Natural Gas - Sweet,0.85,45.156922,-66.769837
INC2013-094,2013-06-14 12:00,Gas,Natural Gas - Sweet,0.3,45.1291,-66.819134
INC2013-097,2013-06-19 11:00,Gas,Natural Gas - Sour,0.0001,59.20186,-121.596498
INC2013-096,2013-06-19 12:15,Gas,Natural Gas - Sweet,5000,50.480661,-105.867038
INC2013-110,2013-06-21 9:28,Gas,Natural Gas - Sour,20500,58.653246,-122.684823
INC2013-099,2013-06-26 1:09,Liquid,Crude Oil - Sweet,17.8,49.615781,-121.034754
INC2013-104,2013-07-02 4:30,Liquid,Crude Oil - Sweet,1.59,52.653959,-111.268469
INC2013-103,2013-07-02 10:20,Gas,Natural Gas - Sweet,0.0001,45.828977,-66.578676
INC2013-107,2013-07-08 2:00,Gas,Natural Gas - Sweet,,55.29782,-113.69498
INC2013-111,2013-07-12 9:10,Gas,Natural Gas - Sweet,0.0001,45.9627,-66.6432
INC2013-112,2013-07-17 12:00,Liquid,Lube Oil,1.9,49.720115,-96.983862
INC2013-113,2013-07-22 6:30,Gas,Natural Gas Liquids,,51.865344,-109.026045
INC2013-114,2013-07-23 8:00,Gas,Natural Gas - Sweet,,49.634728,-112.476416
INC2013-118,2013-07-28 7:45,Gas,Natural Gas Liquids,0.0001,51.865344,-109.026045
INC2013-119,2013-08-03 1:00,Gas,Natural Gas Liquids,,49.753998,-101.238688
INC2013-120,2013-08-04 8:30,Gas,Natural Gas Liquids,0.0001,51.865344,-109.026045
INC2013-124,2013-08-17 11:55,Gas,Natural Gas - Sweet,,45.27405,-66.02748
INC2013-131,2013-09-12 11:00,Gas,Natural Gas - Sweet,,54.09296,-116.62308
INC2013-133,2013-09-13 12:00,Gas,Natural Gas - Sweet,,54.08577,-116.64156
INC2013-136,2013-09-22 2:00,Gas,Natural Gas Liquids,,52.930153,-112.073468
INC2013-137,2013-09-23 5:10,Gas,Natural Gas - Sweet,,58.6535,-122.68519
INC2013-139,2013-09-26 10:30,Gas,Natural Gas - Sweet,,55.26619,-114.60103
INC2013-141,2013-09-26 12:00,Gas,Natural Gas - Sweet,,53.97323,-112.22835
INC2013-142,2013-10-06 9:00,Gas,Natural Gas - Sweet,,55.26395,-114.601007
INC2013-146,2013-10-17 4:30,Gas,Natural Gas - Sweet,16500000,56.514327,-113.679868
INC2013-148,2013-10-20 2:30,Gas,Natural Gas - Sweet,,52.3882,-112.2162
INC2013-150,2013-10-23 11:00,Gas,Natural Gas - Sweet,,50.676806,-109.929667
INC2013-152,2013-10-29 10:00,Gas,Natural Gas - Sweet,5.7,45.273315,-66.063308
INC2013-154,2013-11-02 10:00,Gas,Natural Gas - Sweet,,49.82512,-93.627265
INC2013-155,2013-11-16 4:30,Gas,Natural Gas - Sweet,500,45.273315,-66.063308
INC2013-157,2013-11-19 12:00,Gas,Natural Gas - Sweet,0.0001,58.653246,-122.684823
INC2013-160,2013-11-23 6:00,Gas,Natural Gas - Sour,,58.653246,-122.684823
INC2013-161,2013-11-25 11:40,Liquid,Crude Oil - Sweet,2.25,53.307156,-113.511011
INC2013-162,2013-11-26 11:24,Gas,Natural Gas - Sweet,4300000,54.50936,-112.64735
INC2013-164,2013-12-01 9:50,Liquid,Crude Oil - Sweet,12,53.544543,-113.360195
INC2013-168,2013-12-05 1:00,Gas,Natural Gas - Sweet,0.017,49.7951,-92.762674
INC2013-169,2013-12-09 11:00,Gas,Natural Gas - Sweet,0.3,46.112702,-64.714397
INC2013-170,2013-12-11 7:30,Gas,Natural Gas - Sweet,2000,45.182385,-61.652361
INC2013-175,2013-12-15 4:15,Gas,Natural Gas - Sweet,1500,49.28487,-115.17704
INC2014-004,2014-01-06 12:00,Miscellaneous,Hydrogen Sulphide,0.3,55.569092,-121.944662
INC2014-003,2014-01-08 2:00,Gas,Natural Gas - Sweet,,46.112702,-64.714397
INC2014-007,2014-01-11 12:01,Gas,Propane,1.78,55.793058,-120.52672
INC2014-006,2014-01-11 12:15,Liquid,Lube Oil,2,49.716512,-96.976655
INC2014-008,2014-01-12 12:00,Gas,Natural Gas - Sweet,1,51.911918,-113.664358
INC2014-013,2014-01-15 3:40,Gas,Natural Gas - Sweet,190,58.653246,-122.684823
INC2014-014,2014-01-16 8:33,Gas,Natural Gas - Sweet,0.0001,65.286034,-126.887048
INC2014-015,2014-01-16 12:00,Gas,Natural Gas - Sweet,2,45.273315,-66.063308
INC2014-016,2014-01-18 12:00,Liquid,Crude Oil - Synthetic,20,50.392646,-104.569717
INC2014-017,2014-01-22 10:24,Liquid,Crude Oil - Sweet,17,53.5990003,-115.451183
INC2014-024,2014-02-07 4:30,Gas,Natural Gas - Sweet,0.01,45.96376,-66.6432
INC2014-031,2014-02-16 7:45,Liquid,Crude Oil - Sweet,5,53.547403,-113.355714
INC2014-033,2014-02-18 5:10,Gas,Natural Gas - Sweet,30001,52.49217,-114.98816
INC2014-042,2014-03-12 9:00,Gas,Natural Gas - Sweet,500,45.25073225,-66.0979223
INC2014-043,2014-03-14 1:32,Gas,Natural Gas - Sweet,0.001,52.635343,-111.267485
INC2014-044,2014-03-15 3:00,Liquid,Crude Oil - Sweet,1.75,49.450607,-103.338728
INC2014-045,2014-03-22 11:59,Gas,Mixed HVP Hydrocarbons,6.3,58.65351,-122.68466
INC2014-047,2014-03-25 8:00,Gas,Mixed HVP Hydrocarbons,,52.922575,-110.96759
INC2014-048,2014-03-27 5:00,Gas,Natural Gas - Sweet,1110,50.78931,-112.46998
INC2014-050,2014-03-31 3:30,Liquid,Crude Oil - Sour,2.5,53.542908,-113.36445
INC2014-052,2014-04-07 3:30,Gas,Propane,,51.17738,-106.588176
INC2014-055,2014-04-10 9:00,Gas,Natural Gas - Sweet,1,45.273315,-66.063308
INC2014-056,2014-04-10 11:15,Liquid,Crude Oil - Sweet,3,55.569092,-121.944662
INC2014-058,2014-04-13 4:00,Gas,Natural Gas - Sweet,1522790,50.749343,-120.857245
INC2014-059,2014-04-18 4:30,Liquid,Crude Oil - Sweet,15,53.547403,-113.355714
INC2014-060,2014-04-19 6:00,Gas,Natural Gas - Sweet,56,45.375146,-62.452544
INC2014-061,2014-04-24 11:00,Gas,Natural Gas - Sweet,0.0001,49.586667,-83.159167
INC2014-062,2014-04-28 3:20,Gas,Natural Gas - Sweet,0.001,55.569186,-110.720302
INC2014-067,2014-04-29 12:00,Gas,Natural Gas - Sweet,,53.031216,-111.221509
INC2014-065,2014-04-30 4:30,Gas,Natural Gas - Sweet,148,52.173034,-113.83314
INC2014-064,2014-04-30 11:20,Miscellaneous,Amine,6.5,58.653246,-122.684823
INC2014-068,2014-05-05 10:00,Gas,Natural Gas - Sweet,30,44.665206,-63.567743
INC2015-050,2014-05-08 7:00,Gas,Natural Gas - Sweet,10374,46.16167,-65.34959
INC2014-071,2014-05-12 12:00,Gas,Natural Gas - Sweet,,56.146303,-120.669169
INC2014-093,2014-05-25 8:00,Gas,Natural Gas - Sweet,,54.528731,-118.154622
INC2014-074,2014-05-26 5:00,Gas,Natural Gas - Sweet,1114,53.522635,-112.075565
INC2014-076,2014-05-27 4:10,Gas,Natural Gas - Sweet,,49.911934,-98.517574
INC2014-078,2014-06-01 11:50,Gas,Natural Gas - Sweet,160000,53.818798,-113.584867
INC2014-081,2014-06-02 7:45,Gas,Natural Gas - Sweet,322,52.92871,-111.88764
INC2014-082,2014-06-04 9:39,Gas,Natural Gas Liquids,0.0001,51.868264,-109.036068
INC2014-084,2014-06-11 9:45,Gas,Natural Gas - Sweet,0.0001,55.24345,-119.69047
INC2014-089,2014-06-18 1:30,Gas,Natural Gas - Sweet,0.001,49.80158,-86.7605
INC2014-091,2014-06-20 12:00,Gas,Natural Gas - Sweet,40,49.80132,-86.7603
INC2014-095,2014-07-03 7:30,Gas,Natural Gas - Sweet,0.0001,45.30533,-76.20745
INC2014-096,2014-07-06 10:00,Gas,Natural Gas - Sweet,2,51.40375331,-114.0339696
INC2014-101,2014-07-31 11:00,Gas,Natural Gas - Sweet,,43.873742,-79.579834
INC2014-104,2014-08-04 9:51,Miscellaneous,Sulphur,63,55.569092,-121.944662
INC2014-106,2014-08-13 5:00,Gas,Natural Gas Liquids,0.0001,53.547403,-113.355714
INC2014-110,2014-08-24 2:00,Miscellaneous,Sulphur,8.25,55.56909171,-121.9446616
INC2014-120,2014-09-19 12:00,Miscellaneous,Sulphur,,55.569092,-121.944662
INC2014-121,2014-09-22 9:30,Gas,Natural Gas - Sweet,0.3,45.461,-66.99757
INC2014-127,2014-10-02 1:00,Gas,Natural Gas - Sweet,,55.56909171,-121.9446616
INC2014-124,2014-10-02 3:50,Miscellaneous,Sulphur,0.382,55.5724,-121.9442
INC2014-130,2014-10-18 10:30,Miscellaneous,Hydrogen Sulphide,0.0003,55.56909171,-121.9446616
INC2014-132,2014-10-20 2:38,Gas,Natural Gas - Sweet,0.01,53.03122,-111.2215
INC2014-134,2014-11-03 7:00,Gas,Natural Gas - Sweet,101000,46.23981,-78.13258
INC2014-136,2014-11-10 5:13,Gas,Natural Gas - Sweet,0.01,45.27322,-66.06481
INC2014-137,2014-11-12 2:30,Gas,Natural Gas - Sweet,0.001,52.46696,-114.2987
INC2014-139,2014-11-15 5:00,Gas,Natural Gas - Sweet,,56.14633,-120.66918
INC2014-146,2014-11-27 12:00,Miscellaneous,Sulphur Dioxide,9000,55.56909171,-121.9446616
INC2014-149,2014-12-03 7:05,Miscellaneous,Sulphur Dioxide,3175,55.56909171,-121.9446616
INC2014-147,2014-12-03 8:07,Gas,Natural Gas - Sweet,0.01,53.032311,-111.221031
INC2014-148,2014-12-04 11:00,Gas,Natural Gas - Sweet,0.01,49.79171,-94.49432
INC2014-153,2014-12-16 10:42,Liquid,Crude Oil - Sweet,173.6,50.482408,-104.575209
INC2014-154,2014-12-23 4:15,Gas,Natural Gas - Sweet,100,45.25902,-66.094405
INC2014-155,2014-12-23 6:00,Gas,Natural Gas - Sweet,0.01,49.79171,-94.49432
INC2015-001,2015-01-08 5:30,Gas,Natural Gas - Sweet,1,45.2022834,-66.6866022
INC2015-028,2015-01-16 6:00,Liquid,Crude Oil - Sweet,2.3,52.65396,-111.26847
INC2015-010,2015-01-25 2:45,Gas,Natural Gas - Sweet,0.01,49.58574,-83.16674
INC2015-013,2015-01-31 1:45,Gas,Fuel Gas,1,44.719151,-63.583774
INC2015-016,2015-02-08 2:00,Gas,Natural Gas - Sweet,0.06,54.524331,-112.665961
INC2015-018,2015-02-13 12:00,Miscellaneous,Water,70,56.1447,-120.6686
INC2015-020,2015-02-24 7:20,Gas,Natural Gas - Sweet,396,45.17170605,-61.61267605
INC2015-021,2015-02-27 5:50,Gas,Natural Gas - Sweet,0.1,55.0045,-119.472
INC2015-023,2015-03-03 9:14,Gas,Natural Gas Liquids,0.015,49.539039,-99.288393
INC2015-026,2015-03-09 9:30,Miscellaneous,Contaminated Water,2,55.573,-121.941
INC2015-027,2015-03-09 12:00,Gas,Propane,6.94,56.1497,-120.6724
INC2015-029,2015-03-17 1:35,Gas,Natural Gas Liquids,0.0005,51.45,-107.3861111
INC2015-044,2015-03-20 5:00,Miscellaneous,Amine,2.5,56.14630285,-120.6691693
INC2015-032,2015-03-27 5:00,Gas,Natural Gas - Sour,2.4,56.708689,-121.766112
INC2015-031,2015-03-30 7:30,Gas,Natural Gas - Sweet,0.1,49.78942,-92.76552
INC2015-036,2015-04-07 6:20,Gas,Natural Gas - Sweet,1,49.78942,-92.76552
INC2015-042,2015-04-13 4:00,Miscellaneous,Water,268,56.1463,-120.66917
INC2015-092,2015-04-22 11:30,Gas,Natural Gas - Sweet,0.01,44.682404,-75.622458
INC2015-045,2015-04-23 9:00,Gas,Mixed HVP Hydrocarbons,1.82,42.469356,-82.369772
INC2015-046,2015-05-03 10:00,Gas,Natural Gas - Sweet,41380,54.69512814,-110.727294
INC2015-049,2015-05-06 8:10,Gas,Natural Gas - Sweet,0.1,55.81518,-119.36579
INC2015-051,2015-05-09 2:25,Gas,Butane,262,56.146,-120.671
INC2015-054,2015-05-10 11:37,Gas,Natural Gas - Sweet,1,52.640194,-122.447333
INC2015-055,2015-05-11 10:30,Gas,Natural Gas - Sweet,0.1,49.78942,-92.76552
INC2015-056,2015-05-11 11:00,Gas,Natural Gas - Sweet,3400000,50.16626,-110.59318
INC2015-060,2015-05-18 5:51,Liquid,Lube Oil,2,49.29537,-88.10128
INC2015-063,2015-05-25 1:30,Gas,Propane,2,55.79306,-120.52312
INC2015-064,2015-05-26 7:00,Miscellaneous,Contaminated Water,41,56.145,-120.67
INC2015-071,2015-06-15 11:00,Liquid,Waste Oil,2,56.14630285,-120.6691693
INC2015-070,2015-06-16 8:00,Gas,Natural Gas - Sweet,1,50.2520045,-104.408497
INC2015-073,2015-06-27 9:30,Liquid,Crude Oil - Sweet,16,52.63471,-111.2641
INC2015-074,2015-07-01 10:12,Gas,Natural Gas - Sour,526,55.572,-121.944
INC2015-083,2015-07-03 12:00,Gas,Natural Gas - Sour,13.4,58.654643,-122.68924
INC2015-080,2015-07-09 11:01,Gas,Natural Gas - Sweet,1,54.61366745,-118.2116069
INC2015-098,2015-07-10 12:00,Gas,Natural Gas - Sour,135,58.65324554,-122.6848231
INC2015-082,2015-07-10 12:00,Miscellaneous,Sulphur,1.8,55.56909171,-121.9446616
INC2015-084,2015-07-20 6:25,Gas,Natural Gas Liquids,0.0001,50.482934,-104.586279
INC2015-085,2015-07-22 5:58,Gas,Natural Gas - Sweet,28,51.94,-109.18
INC2015-087,2015-07-23 6:40,Miscellaneous,Produced Water,20,56.14512,-120.66429
INC2015-093,2015-08-16 2:03,Gas,Propane,2.118,55.791,-120.526
INC2015-091,2015-08-16 6:00,Gas,Natural Gas - Sour,164,55.57,-121.94
INC2015-095,2015-08-19 9:30,Gas,Natural Gas - Sweet,2366,56.337317,-119.910103
INC2015-096,2015-08-21 12:00,Gas,Natural Gas - Sweet,0.001,51.32322,-113.37743
INC2015-100,2015-08-25 8:00,Gas,Natural Gas - Sweet,0.01,44.889561,-75.295674
INC2015-103,2015-08-29 1:00,Gas,Natural Gas - Sweet,92300,55.42619,-122.67658
INC2015-104,2015-09-06 10:00,Gas,Natural Gas - Sweet,9510,53.914064,-111.700742
INC2015-105,2015-09-09 10:30,Gas,Natural Gas - Sweet,198,45.177234,-61.62299574
INC2015-107,2015-09-13 3:06,Gas,Natural Gas - Sweet,9744,53.195074,-111.90868
INC2015-108,2015-09-14 12:45,Gas,Natural Gas Liquids,0.0001,50.482928,-104.586263
INC2015-109,2015-09-16 7:53,Gas,Natural Gas Liquids,0.0076,49.749362,-101.244345
INC2015-110,2015-09-16 11:00,Gas,Natural Gas - Sour,11.611,58.65324554,-122.6848231
INC2015-112,2015-09-22 1:34,Miscellaneous,Odourant,0.0001,46.11317,-64.71534
INC2015-113,2015-09-28 12:00,Gas,Natural Gas - Sour,32.6,55.571,-121.94
INC2015-114,2015-09-30 6:40,Gas,Natural Gas - Sweet,1,49.325059,-102.297403
INC2015-115,2015-10-08 6:00,Gas,Natural Gas - Sweet,1,49.325059,-102.297403
INC2015-118,2015-10-15 9:15,Liquid,Crude Oil - Sweet,30,49.752443,-101.241633
INC2015-121,2015-10-26 3:30,Gas,Natural Gas - Sweet,1.22,54.830122,-118.645459
INC2015-122,2015-10-27 9:30,Liquid,Crude Oil - Sweet,4,50.481964,-104.568289
INC2015-123,2015-10-29 2:00,Gas,Natural Gas - Sweet,1,57.3426,-111.74337
INC2015-124,2015-10-30 1:30,Miscellaneous,Potassium Carbonate,3.527,58.655,-122.6899
INC2015-127,2015-11-08 10:00,Gas,Natural Gas - Sweet,14075,52.61406,-110.96464
INC2015-132,2015-11-17 10:36,Miscellaneous,Hydrogen Sulphide,770,55.56909171,-121.9446616
INC2015-133,2015-11-20 3:00,Gas,Natural Gas - Sour,0.001,56.393465,-121.3719
INC2015-136,2015-11-23 1:00,Miscellaneous,Sulphur,0.075,55.56909171,-121.9446616
INC2015-135,2015-11-23 5:30,Miscellaneous,Sulphur,58,58.66,-122.69
INC2015-138,2015-11-26 11:22,Miscellaneous,Amine,2000,55.571824,-121.942698
INC2015-139,2015-12-01 10:15,Gas,Propane,0.3,42.714906,-82.358961
INC2015-144,2015-12-11 10:00,Gas,Natural Gas - Sweet,1,49.72011504,-96.98386154
INC2015-147,2015-12-17 11:55,Gas,Natural Gas - Sour,10.4,55.04185986,-121.0187559
INC2016-015,2015-12-19 3:38,Gas,Natural Gas - Sweet,15.23,56.6442,-120.81235
INC2015-150,2015-12-22 10:00,Miscellaneous,Water,32,56.146082,-120.673492
INC2016-002,2015-12-31 4:22,Gas,Natural Gas - Sweet,72500,56.17397,-120.60927
INC2016-001,2016-01-01 10:00,Gas,Natural Gas - Sweet,1.21,44.276915,-76.876379
INC2016-006,2016-01-05 12:15,Miscellaneous,Contaminated Water,2.9,58.65324554,-122.6848231
INC2016-010,2016-01-19 10:30,Gas,Natural Gas - Sweet,42,57.42235949,-118.2492217
INC2016-018,2016-02-03 4:04,Gas,Natural Gas - Sour,853,56.146137,-120.670787
INC2016-019,2016-02-03 4:30,Gas,Natural Gas - Sweet,6380,56.083,-120.404
INC2016-020,2016-02-04 4:00,Miscellaneous,Water,5,56.141402,-120.669325
INC2016-021,2016-02-08 2:02,Gas,Natural Gas - Sour,13.23,55.569092,-121.944662
INC2016-022,2016-02-10 10:12,Gas,Natural Gas Liquids,0.001,52.933313,-112.082122
INC2016-023,2016-02-12 2:00,Gas,Natural Gas - Sweet,0.5,44.6777652,-63.5970225
INC2016-024,2016-02-13 2:30,Liquid,Crude Oil - Sweet,3,49.7,-101.2
INC2016-027,2016-03-03 10:00,Gas,Natural Gas - Sweet,1,44.677392,-63.596725
INC2016-028,2016-03-23 4:00,Gas,Natural Gas - Sweet,1,45.8618104,-66.5829674
INC2016-033,2016-03-29 3:45,Gas,Natural Gas - Sweet,913,56.83,-120.404
INC2016-029,2016-03-31 8:05,Miscellaneous,Contaminated Water,10.23,55.3315,-121.5632
INC2016-032,2016-04-04 1:41,Gas,Propane,0.0182,42.2878692,-83.09267014
INC2016-034,2016-04-05 1:00,Gas,Natural Gas - Sweet,716,45.17170605,-61.61267605
INC2016-035,2016-04-08 3:15,Gas,Natural Gas - Sweet,5.2,48.131264,-80.215544
INC2016-043,2016-05-10 3:30,Gas,Natural Gas - Sweet,370,54.097121,-112.562914
INC2016-048,2016-05-17 5:50,Gas,Natural Gas - Sweet,260,55.85011511,-121.234982
INC2016-050,2016-05-17 11:25,Gas,Natural Gas - Sour,39.7,56.14410425,-120.404
INC2016-055,2016-05-31 12:00,Gas,Natural Gas - Sour,1,57.2213,-120.3812
INC2016-066,2016-06-16 8:00,Miscellaneous,Contaminated Water,725,55.56909171,-121.9446616
INC2016-067,2016-07-02 2:00,Gas,Natural Gas - Sweet,2000,46.11305974,-64.71567652
INC2016-077,2016-07-11 1:00,Gas,Natural Gas - Sweet,1750,43.00475402,-79.05071351
INC2016-078,2016-07-15 6:00,Gas,Natural Gas - Sweet,3,46.11305974,-64.71567652
INC2016-080,2016-07-20 11:25,Gas,Natural Gas - Sweet,40,50.70313,-111.157945
INC2016-081,2016-07-21 2:40,Liquid,Diesel Fuel,2.3,53.54290845,-113.3644501
INC2016-083,2016-07-26 12:45,Gas,Natural Gas - Sweet,52000,55.51043,-113.46468
INC2016-086,2016-08-03 12:40,Gas,Natural Gas - Sweet,1,54.85067,-112.82706
INC2016-087,2016-08-06 1:00,Gas,Natural Gas - Sweet,30,45.25124,-66.09725
INC2016-088,2016-08-06 4:30,Gas,Natural Gas - Sweet,8,45.28066,-66.0027
INC2016-090,2016-08-10 8:30,Miscellaneous,Sulphur Dioxide,578,55.56909171,-121.9446616
INC2016-109,2016-08-25 3:30,Gas,Natural Gas - Sweet,113.55,55.55101914,-122.4538759
INC2016-097,2016-08-25 9:11,Gas,Natural Gas Liquids,0.0001,53.54740268,-113.3557137
INC2016-103,2016-08-26 2:18,Liquid,Lube Oil,1.5,50.696946,-111.53471
INC2016-110,2016-08-28 6:26,Gas,Natural Gas - Sweet,52,56.14356248,-120.6685897
INC2016-105,2016-09-01 12:30,Liquid,Lube Oil,0.115,49.72011504,-96.98386154
INC2016-107,2016-09-03 12:36,Gas,Natural Gas - Sweet,1,49.443028,-91.714439
INC2016-108,2016-09-05 12:41,Gas,Natural Gas - Sweet,113.55,55.55101914,-122.4538759
INC2016-115,2016-09-22 1:10,Gas,Natural Gas Liquids,0.0001,52.63822644,-111.2786457
INC2016-118,2016-09-28 2:00,Gas,Natural Gas - Sweet,16645,52.72947567,-122.4419765
INC2016-119,2016-10-02 5:15,Gas,Natural Gas - Sweet,448,51.836784,-121.511133
INC2016-120,2016-10-05 4:00,Gas,Natural Gas - Sweet,342,51.599421,-114.244235
INC2016-121,2016-10-13 11:30,Gas,Natural Gas - Sweet,50,48.870172,-88.458775
INC2016-124,2016-10-19 10:48,Gas,Natural Gas - Sweet,529960,56.47138904,-122.1137089
INC2016-125,2016-10-24 4:00,Gas,Natural Gas - Sweet,10,46.1614081,-65.349648
INC2016-126,2016-10-24 7:00,Gas,Natural Gas - Sweet,24000,49.0097,-102.589
INC2016-128,2016-10-31 10:00,Gas,Natural Gas - Sweet,1,44.6791,-63.5921
INC2016-132,2016-11-17 6:17,Gas,Natural Gas - Sweet,24100,55.64990496,-122.2072164
INC2016-141,2016-12-05 7:00,Gas,Natural Gas - Sweet,3,45.2158179,-65.976788
INC2016-146,2016-12-14 7:00,Gas,Natural Gas - Sweet,0.1,49.75034152,-84.13337202
INC2016-147,2016-12-17 2:00,Gas,Natural Gas - Sweet,1,44.690626,-63.59345
INC2016-148,2016-12-19 10:00,Gas,Natural Gas - Sweet,72,58.65324554,-122.6848231
INC2016-149,2016-12-22 5:10,Gas,Natural Gas - Sweet,9246,53.20998,-111.84962
INC2017-001,2017-01-01 11:00,Gas,Natural Gas - Sour,201,55.33159692,-121.6381581
INC2017-007,2017-01-17 3:00,Gas,Natural Gas - Sour,22.3,55.571667,-121.94
INC2017-009,2017-01-25 1:00,Gas,Natural Gas - Sweet,1,45.98805,-64.14431
INC2017-010,2017-01-26 4:30,Miscellaneous,Sulphur,0.4,55.56909171,-121.9446616
INC2017-011,2017-01-28 4:00,Miscellaneous,Hydrogen Sulphide,0.86,55.56909171,-121.9446616
INC2017-018,2017-01-30 1:35,Gas,Natural Gas - Sweet,0.001,45.28,-66
INC2017-016,2017-01-30 6:00,Gas,Natural Gas - Sweet,491,55.56909171,-121.9446616
INC2017-015,2017-01-31 1:19,Liquid,Crude Oil - Sweet,5,49.285641,-101.651464
INC2017-023,2017-02-17 3:10,Liquid,Condensate,988,53.51651,-113.37012
INC2017-027,2017-02-21 5:00,Gas,Natural Gas - Sweet,5798.4,56.14410425,-120.6639331
INC2017-031,2017-02-28 6:30,Miscellaneous,Sulphur,5.5,55.56909171,-121.9446616
INC2017-035,2017-03-04 10:00,Miscellaneous,Hydrogen Sulphide,0.59,55.56909171,-121.9446616
INC2017-036,2017-03-06 1:00,Gas,Natural Gas Liquids,0.001,55.94382999,-120.19327
INC2017-039,2017-03-13 3:00,Gas,Natural Gas - Sweet,25000,56.36,-119.92
INC2017-042,2017-03-18 10:46,Gas,Natural Gas - Sweet,26278.0336,55.649905,-122.207216
INC2017-043,2017-03-20 3:45,Liquid,Crude Oil - Synthetic,10,53.54740268,-113.3557137
INC2017-051,2017-04-08 6:00,Miscellaneous,Contaminated Water,3,58.65432778,-122.6855556
INC2017-052,2017-04-08 12:45,Gas,Natural Gas - Sour,7327,55.57343158,-121.9438193
INC2017-053,2017-04-15 5:45,Liquid,Lube Oil,1.75,50.69834843,-111.5306333
INC2017-084,2017-04-18 1:00,Liquid,Crude Oil - Synthetic,88,53.543,-113.354
INC2017-057,2017-05-01 9:10,Miscellaneous,Hydrogen Sulphide,0.06,56.14630285,-120.6691693
INC2017-060,2017-05-05 3:00,Gas,Propane,2.5,50.37469,-104.70648
INC2017-062,2017-05-07 5:00,Miscellaneous,Sulphur,1,55.56909171,-121.9446616
INC2017-063,2017-05-09 5:00,Miscellaneous,Sulphur,0.156,55.56909171,-121.9446616
INC2017-067,2017-05-17 10:20,Gas,Natural Gas Liquids,0.001,49.55051633,-106.0029569
INC2017-071,2017-05-26 10:45,Gas,Natural Gas - Sour,5,56.751823,-121.6811426
INC2017-075,2017-05-29 12:00,Gas,Natural Gas - Sweet,1,53.01993,-112.18718
INC2017-079,2017-05-30 3:05,Gas,Natural Gas - Sweet,7.5,54.95988,-119.1945
INC2017-102,2017-05-30 10:30,Liquid,Crude Oil - Synthetic,12.8,53.544231,-113.349269
INC2017-076,2017-06-10 11:05,Gas,Natural Gas - Sweet,1995,45.603401,-73.861893
INC2017-080,2017-06-19 2:00,Gas,Natural Gas - Sweet,0.01,45.1920299,-66.40157119
INC2017-081,2017-06-21 6:14,Liquid,Diesel Fuel,4.2,54.56227196,-122.6862326
INC2017-091,2017-06-27 3:00,Gas,Natural Gas - Sweet,2,54.04370807,-117.4205423
INC2017-093,2017-07-04 10:00,Gas,Natural Gas - Sweet,1,49.32403226,-102.2963632
INC2017-101,2017-07-13 4:00,Gas,Natural Gas - Sour,300,56.14630285,-120.6691693
INC2017-103,2017-07-20 10:00,Gas,Natural Gas - Sweet,58.7,50.07617,-99.9867
INC2017-105,2017-07-21 5:00,Gas,Butane,11,56.14630285,-120.6691693
INC2017-110,2017-07-26 10:00,Gas,Natural Gas Liquids,0.001,50.62028,-105.24194
INC2017-114,2017-08-09 4:55,Gas,Natural Gas - Sweet,17022,54.057238,-113.219046
INC2017-115,2017-08-10 3:55,Gas,Natural Gas - Sweet,9777,50.71329,-112.09327
INC2017-137,2017-09-11 2:00,Gas,Natural Gas - Sweet,350347,56.22,-122.08
INC2017-153,2017-09-22 7:54,Gas,Natural Gas Liquids,0.002,51.867982,-109.033349
INC2017-154,2017-09-24 3:00,Gas,Natural Gas - Sweet,125.4,54.28836951,-122.6166373
INC2017-155,2017-09-24 10:00,Miscellaneous,Drilling Fluid,8,55.79811041,-122.1816369
INC2017-161,2017-09-28 5:30,Gas,Natural Gas Liquids,0.01,51.875,-109.033
INC2017-162,2017-10-01 12:00,Gas,Natural Gas - Sweet,13399.59,56.78078388,-122.3238274
INC2017-165,2017-10-11 1:54,Gas,Natural Gas - Sweet,15570,49.11777778,-121.9988889
INC2017-167,2017-10-12 1:24,Gas,Natural Gas - Sweet,24,53.10047466,-115.3642386
INC2017-169,2017-10-18 3:00,Gas,Natural Gas - Sweet,10,54.63,-118.95
INC2017-170,2017-10-22 3:15,Gas,Natural Gas - Sweet,6474,53.83523,-111.33383
INC2017-173,2017-10-24 9:00,Gas,Propane,2,56.14630285,-120.6691693
INC2017-174,2017-10-25 12:54,Gas,Natural Gas - Sweet,4473.37,55.81403847,-120.8694119
INC2017-175,2017-10-28 12:00,Gas,Propane,0.001,50.39,-104.323019
INC2017-176,2017-11-02 3:30,Gas,Natural Gas - Sour,248,56.14630285,-120.6691693
INC2017-177,2017-11-02 11:00,Gas,Natural Gas - Sweet,1000,50.07364,-104.00057
INC2017-178,2017-11-03 9:00,Gas,Natural Gas - Sweet,13399.59,55.79811041,-122.1816369
INC2017-181,2017-11-07 9:10,Gas,Propane,0.001,50.38574,-104.32163
INC2017-183,2017-11-08 9:30,Gas,Natural Gas - Sweet,23758,49.95917767,-120.9160278
INC2017-186,2017-11-17 6:15,Gas,Natural Gas - Sweet,18337,54.67505,-111.98999
INC2017-185,2017-11-19 1:00,Gas,Natural Gas - Sweet,34483,49.95917767,-120.9160278
INC2017-184,2017-11-19 10:00,Gas,Natural Gas - Sweet,0.01,53.50812123,-122.6078953
INC2017-188,2017-11-21 3:00,Gas,Natural Gas - Sweet,1,54.52823203,-118.1594179
INC2017-189,2017-11-21 8:00,Gas,Natural Gas - Sweet,2.05,55.78756,-120.53231
INC2017-190,2017-11-25 11:24,Gas,Natural Gas - Sweet,18181,49.95917767,-120.9160278
INC2017-192,2017-11-27 1:15,Gas,Natural Gas - Sour,255,56.14630285,-120.6691693
INC2017-191,2017-11-27 1:30,Gas,Natural Gas - Sweet,22272,49.95917767,-120.9160278
INC2017-195,2017-12-05 11:00,Gas,Natural Gas - Sweet,5125,54.17425,-116.67334
INC2017-194,2017-12-05 11:00,Gas,Natural Gas - Sweet,7552,54.04370807,-117.4205423
INC2017-196,2017-12-09 11:10,Gas,Natural Gas - Sweet,835.91,52.72947567,-122.4419765
INC2017-198,2017-12-12 4:30,Gas,Propane,0.94,56.145647,-120.671581
INC2017-197,2017-12-12 7:00,Gas,Natural Gas - Sweet,786,51.40840045,-113.6557044
INC2017-201,2017-12-25 12:00,Gas,Natural Gas - Sweet,252,54.04370807,-117.4205423
INC2017-202,2017-12-30 5:42,Gas,Natural Gas - Sweet,13399.59,56.78078388,-122.3238274
INC2018-001,2018-01-08 10:00,Gas,Natural Gas - Sweet,0.01,47.96083302,-80.01609001
INC2018-003,2018-01-10 12:00,Gas,Natural Gas - Sweet,265457,57.19025,-118.192939
INC2018-007,2018-01-15 4:00,Gas,Natural Gas - Sweet,3771,49.72011504,-96.98386154
INC2018-008,2018-01-19 9:30,Gas,Natural Gas - Sour,60,55.79305809,-120.5231165
INC2018-009,2018-01-21 11:45,Gas,Natural Gas - Sweet,0.51,53.15552,-112.29672
INC2018-012,2018-01-31 12:30,Gas,Natural Gas - Sweet,17260,53.10047466,-115.3642386
INC2018-015,2018-02-02 3:14,Gas,Natural Gas - Sweet,3249.3,59.20209027,-121.5830377
INC2018-013,2018-02-04 8:30,Gas,Natural Gas - Sweet,159600,51.5509423,-121.2689384
INC2018-018,2018-02-19 8:00,Gas,Natural Gas - Sweet,253.27,46.37976553,-79.46897152
INC2018-026,2018-04-03 6:50,Liquid,Diesel Fuel,5,53.543,-113.354
INC2018-028,2018-04-13 12:22,Gas,Natural Gas - Sweet,50622.5,54.532966,-112.094773
INC2018-030,2018-04-17 4:41,Gas,Natural Gas - Sweet,1694,49.37396404,-121.4218518
INC2018-031,2018-04-23 5:20,Gas,Natural Gas - Sour,200,55.33138,-121.63722
INC2018-035,2018-04-26 10:00,Gas,Natural Gas - Sour,6541,58.6547225,-122.6857797
INC2018-037,2018-04-27 3:00,Gas,Natural Gas - Sweet,1,45.9875348,-64.1437017
INC2018-039,2018-05-02 4:45,Miscellaneous,Glycol,5.913,55.56909171,-121.9446616
INC2018-040,2018-05-03 4:20,Gas,Natural Gas - Sour,59.7,58.6545943,-122.6905284
INC2018-047,2018-05-17 11:00,Gas,Natural Gas - Sweet,0.0001,45.19,-66.4
INC2018-049,2018-05-27 12:13,Liquid,Crude Oil - Sweet,4.8,51.31303645,-120.1776218
INC2018-060,2018-06-09 2:00,Gas,Natural Gas - Sweet,13944,55.25153009,-114.5217525
INC2018-065,2018-06-20 8:30,Gas,Natural Gas - Sweet,62,45.175993,-61.61994
INC2018-066,2018-06-23 11:30,Gas,Natural Gas - Sour,27593,56.7538,-120.6529
INC2018-068,2018-06-25 3:10,Gas,Natural Gas - Sour,199,54.892,-120.668
INC2018-111,2018-09-02 2:10,Miscellaneous,Drilling Fluid,0.05,49.74598858,-101.2510539
INC2018-117,2018-09-13 5:20,Gas,Natural Gas - Sweet,50767,54.414958,-111.158422
INC2018-139,2018-10-05 1:40,Gas,Natural Gas - Sweet,607.13,50.30496,-112.09675
INC2018-136,2018-10-05 9:43,Gas,Natural Gas - Sweet,25195,47.919398,-79.992348
INC2018-142,2018-10-09 5:24,Gas,Natural Gas - Sweet,3980000,54.02808,-122.65524
INC2018-145,2018-10-14 9:13,Gas,Natural Gas - Sweet,10,56.37079958,-119.9226624
INC2018-165,2018-11-20 4:00,Gas,Natural Gas - Sweet,8213.59,56.48610421,-114.117508
INC2018-166,2018-11-23 9:30,Gas,Propane,0.0001,50.038132,-99.623821
INC2018-177,2018-11-28 6:22,Gas,Natural Gas - Sour,4.94,55.573639,-121.9434
INC2018-182,2018-12-12 10:05,Gas,Natural Gas - Sweet,9500,55.572745,-121.940852
INC2018-183,2018-12-13 1:40,Gas,Natural Gas - Sour,55,55.572723,-121.940853
INC2018-187,2018-12-30 11:00,Gas,Natural Gas - Sweet,609,52.72947567,-122.4419765
INC2019-001,2019-01-01 8:00,Gas,Natural Gas - Sweet,735.8,56.14630285,-120.6691693
INC2019-008,2019-01-15 2:15,Gas,Natural Gas - Sweet,2866,56.37079958,-119.9226624
INC2019-013,2019-01-26 1:10,Gas,Natural Gas - Sweet,0.13,54.09446953,-113.2313181
INC2019-025,2019-02-19 9:00,Gas,Natural Gas - Sweet,1258.35,49.74450054,-84.06775503
INC2019-029,2019-02-28 3:30,Miscellaneous,Water,2,47.3614398,-68.3284301
INC2019-041,2019-04-16 2:00,Gas,Natural Gas - Sweet,192183.49,53.381576,-115.615938
INC2019-046,2019-04-26 4:45,Miscellaneous,Water,0.3,47.36,-68.33
INC2019-047,2019-04-28 10:30,Gas,Natural Gas - Sweet,24419,49.93069,-108.94167
INC2019-048,2019-05-01 3:51,Gas,Natural Gas - Sweet,0.01,49.14183644,-121.9598926
INC2019-049,2019-05-01 4:57,Miscellaneous,Water,236,47.36,-68.33
INC2019-081,2019-07-14 5:00,Liquid,Crude Oil - Sweet,5,50.1731181,-111.165654
INC2019-089,2019-08-08 5:00,Gas,Natural Gas - Sour,155958.38,58.6527,-122.7042
INC2019-092,2019-08-17 3:00,Miscellaneous,Drilling Fluid,74,52.0652,-119.31508
INC2019-098,2019-09-01 3:30,Liquid,Crude Oil - Sweet,50,50.07461053,-100.0003615
INC2019-109,2019-10-08 7:26,Liquid,Crude Oil - Synthetic,8,53.54740268,-113.3557137
INC2019-113,2019-10-18 6:30,Liquid,Lube Oil,3.18,51.44418383,-114.5271075
INC2019-112,2019-10-18 8:40,Liquid,Crude Oil - Sweet,2,53.545709,-113.365488
INC2019-120,2019-11-04 11:26,Gas,Natural Gas - Sweet,31775.96,53.198331,-116.194173
INC2019-124,2019-11-13 11:38,Liquid,Crude Oil - Sweet,6,52.64186166,-111.2642622
INC2020-002,2020-01-14 1:15,Liquid,Crude Oil - Sweet,29,50.48066052,-105.867038
INC2020-005,2020-01-20 9:51,Liquid,Condensate,26,52.14173322,-109.8129918
INC2020-011,2020-02-02 1:13,Gas,Natural Gas - Sweet,2.13,44.71527257,-63.59037083
INC2020-016,2020-02-07 10:30,Gas,Natural Gas - Sweet,0.1,53.198483,-116.192766
INC2020-017,2020-02-13 5:00,Gas,Natural Gas - Sweet,22702,52.98812718,-112.1913827
INC2020-036,2020-04-09 10:15,Gas,Natural Gas - Sweet,9100,53.77239,-116.91948
INC2020-039,2020-04-23 8:00,Gas,Natural Gas - Sweet,129636.35,54.48310727,-118.0999325
INC2020-043,2020-04-26 8:34,Gas,Natural Gas - Sweet,1,56.7054,-111.403
INC2020-045,2020-04-30 7:55,Liquid,Crude Oil - Sweet,50,51.64917,-108.21167
INC2020-050,2020-05-23 4:27,Gas,Natural Gas - Sweet,86,50.38248,-114.226414
INC2020-057,2020-06-12 11:23,Liquid,Crude Oil - Sweet,150,49.06567935,-122.1597143
INC2020-065,2020-06-24 10:30,Gas,Natural Gas - Sweet,4.05,55.7041176,-121.6282676
